R0, AKT2_[PI]_i+_PI_[PH]
R1, AKT2_[PI]_i-_PI_[PH]
R2, AKT2_p+_TSC2_[(Ser1130)]
R3, AKT2_p+_TSC2_[(Ser939)]
R4, AKT2_p+_TSC2_[(Ser981)]
R5, AKT2_p+_TSC2_[(Thr1462)]
R6, GTP_gef_RHEB_[(G)]
R7, IRS_[pY]_ppi+_PI3K_[SH2]
R8, IRS_[pY]_ppi-_PI3K_[SH2]
R9, PDK1_p+_AKT2_[(T309)]
R10, PI3K_p+_PI_[(3)]
R11, RHEB_[switch1DSYDPTIEN]_ppi+_mTOR_[FATfα2fα3]
R12, RHEB_[switch1DSYDPTIEN]_ppi+_mTOR_[Mheatmα2mα3mα4]
R13, RHEB_[switch1DSYDPTIEN]_ppi-_mTOR_[FATfα2fα3]
R14, RHEB_[switch1DSYDPTIEN]_ppi-_mTOR_[Mheatmα2mα3mα4]
R15, RHEB_[switch2GQDEYSIFPQTYSIDIN]_ppi+_mTOR_[Nheatnα3tonα7]
R16, RHEB_[switch2GQDEYSIFPQTYSIDIN]_ppi-_mTOR_[Nheatnα3tonα7]
R17, RTK_p+_IRS_[(RTK)]
R18, RTK_p-_IRS_[(RTK)]
R19, TSC1_[Cterminus]_ppi+_TSC2_[Nterminus]
R20, TSC1_[Cterminus]_ppi-_TSC2_[Nterminus]
R21, TSC2_gap_RHEB_[(G)]
R22, [Output]
R23, eIF4E_[A001]_ppi+_EIF4EBP1_[A001]
R24, eIF4E_[A001]_ppi-_EIF4EBP1_[A001]
R25, mTORC1_p+_EIF4EBP1_[(Ser65)]
R26, mTORC1_p+_EIF4EBP1_[(Thr37)]
R27, mTORC1_p+_EIF4EBP1_[(Thr46)]
R28, mTORC1_p+_EIF4EBP1_[(Thr70)]
R29, mTORC2_p+_AKT2_[(S474)]
R30, mTOR_[Raptor]_ppi+_Raptor_[mTOR]
R31, mitogen_[EGFR]_ppi+_EGFR_[mitogen]
R32, mitogen_[EGFR]_ppi-_EGFR_[mitogen]
R33, nk_p-_TSC2_[(Ser1130)]
R34, nk_p-_TSC2_[(Ser939)]
R35, nk_p-_TSC2_[(Ser981)]
R36, nk_p-_TSC2_[(Thr1462)]
R37, nn_p-_AKT2_[(S474)]
R38, nn_p-_AKT2_[(T309)]
R39, uk_p-_EIF4EBP1_[(Ser65)]
R40, uk_p-_EIF4EBP1_[(Thr37)]
R41, uk_p-_EIF4EBP1_[(Thr46)]
R42, uk_p-_EIF4EBP1_[(Thr70)]
R43, unk_p-_PI_[(3)]
R44, unk_p-_PI_[(4)]
R45, unk_p-_PI_[(5)]
R46, unknown1_p+_PI_[(4)]
R47, unknown2_p+_PI_[(5)]
S0, AKT2_[(S474)]-{0}
S1, AKT2_[(S474)]-{p}
S2, AKT2_[(T309)]-{0}
S3, AKT2_[(T309)]-{p}
S4, AKT2_[PI]--0
S5, AKT2_[PI]--PI_[PH]
S6, EGFR_[mitogen]--0
S7, EGFR_[mitogen]--mitogen_[EGFR]
S8, EIF4EBP1_[(Ser65)]-{0}
S9, EIF4EBP1_[(Ser65)]-{p}
S10, EIF4EBP1_[(Thr37)]-{0}
S11, EIF4EBP1_[(Thr37)]-{p}
S12, EIF4EBP1_[(Thr46)]-{0}
S13, EIF4EBP1_[(Thr46)]-{p}
S14, EIF4EBP1_[(Thr70)]-{0}
S15, EIF4EBP1_[(Thr70)]-{p}
S16, EIF4EBP1_[A001]--0
S17, EIF4EBP1_[A001]--eIF4E_[A001]
S18, GTP
S19, IRS_[(RTK)]-{0}
S20, IRS_[(RTK)]-{p}
S21, IRS_[pY]--0
S22, IRS_[pY]--PI3K_[SH2]
S23, PDK1
S24, PI3K_[SH2]--0
S25, PI_[(3)]-{0}
S26, PI_[(3)]-{p}
S27, PI_[(4)]-{0}
S28, PI_[(4)]-{p}
S29, PI_[(5)]-{0}
S30, PI_[(5)]-{p}
S31, PI_[PH]--0
S32, RHEB_[(G)]-{0}
S33, RHEB_[(G)]-{gtp}
S34, RHEB_[switch1DSYDPTIEN]--0
S35, RHEB_[switch1DSYDPTIEN]--mTOR_[FATfα2fα3]
S36, RHEB_[switch1DSYDPTIEN]--mTOR_[Mheatmα2mα3mα4]
S37, RHEB_[switch2GQDEYSIFPQTYSIDIN]--0
S38, RHEB_[switch2GQDEYSIFPQTYSIDIN]--mTOR_[Nheatnα3tonα7]
S39, RTK
S40, Raptor_[mTOR]--0
S41, Raptor_[mTOR]--mTOR_[Raptor]
S42, TSC1_[Cterminus]--0
S43, TSC1_[Cterminus]--TSC2_[Nterminus]
S44, TSC2_[(Ser1130)]-{0}
S45, TSC2_[(Ser1130)]-{p}
S46, TSC2_[(Ser939)]-{0}
S47, TSC2_[(Ser939)]-{p}
S48, TSC2_[(Ser981)]-{0}
S49, TSC2_[(Ser981)]-{p}
S50, TSC2_[(Thr1462)]-{0}
S51, TSC2_[(Thr1462)]-{p}
S52, TSC2_[Nterminus]--0
S53, [EGFR]
S54, [Raptor]
S55, [activatedEGFR]
S56, [activatedPI3K]
S57, [mTORC1]
S58, [mTOR]
S59, [mitogen]
S60, eIF4E_[A001]--0
S61, mTORC1
S62, mTORC2
S63, mTOR_[FATfα2fα3]--0
S64, mTOR_[Mheatmα2mα3mα4]--0
S65, mTOR_[Nheatnα3tonα7]--0
S66, mTOR_[Raptor]--0
S67, mitogen_[EGFR]--0
S68, nk
S69, nn
S70, uk
S71, unk
S72, unknown1
S73, unknown2
