R0,1, #  AKT2_[PI]_i+_PI_[PH]
R1,1, #  AKT2_[PI]_i-_PI_[PH]
R2,1, #  AKT2_p+_PPM1G_[(AKT2)]
R3,1, #  AKT2_p+_TSC2_[(Ser1130)]
R4,1, #  AKT2_p+_TSC2_[(Ser939)]
R5,1, #  AKT2_p+_TSC2_[(Ser981)]
R6,1, #  AKT2_p+_TSC2_[(Thr1462)]
R7,1, #  GTP_gef_RHEB_[(G)]
R8,1, #  IRS_[pY]_ppi+_PI3K_[SH2]
R9,1, #  IRS_[pY]_ppi-_PI3K_[SH2]
R10,1, #  PDK1_p+_AKT2_[(T309)]
R11,1, #  PI3K_p+_PI_[(3)]
R12,0, #  PPM1G_p-_EIF4EBP1_[(Ser65)]
R13,0, #  PPM1G_p-_EIF4EBP1_[(Thr37)]
R14,0, #  PPM1G_p-_EIF4EBP1_[(Thr46)]
R15,0, #  PPM1G_p-_EIF4EBP1_[(Thr70)]
R16,1, #  RHEB_[switch1DSYDPTIEN]_ppi+_mTOR_[FATfα2fα3]
R17,1, #  RHEB_[switch1DSYDPTIEN]_ppi-_mTOR_[FATfα2fα3]
R18,1, #  RHEB_[switch1]_ppi+_mTOR_[Mheatmα2mα3mα4]
R19,1, #  RHEB_[switch1]_ppi-_mTOR_[Mheatmα2mα3mα4]
R20,1, #  RHEB_[switch2GQDEYSIFPQTYSIDIN]_ppi+_mTOR_[Nheatnα3tonα7]
R21,1, #  RHEB_[switch2GQDEYSIFPQTYSIDIN]_ppi-_mTOR_[Nheatnα3tonα7]
R22,1, #  RTK_p+_IRS_[(RTK)]
R23,1, #  RTK_p-_IRS_[(RTK)]
R24,0, #  TSC1_[Cterminus]_ppi+_TSC2_[Nterminus]
R25,1, #  TSC1_[Cterminus]_ppi-_TSC2_[Nterminus]
R26,0, #  TSC2_gap_RHEB_[(G)]
R27,1, #  [Output]
R28,0, #  eIF4E_[A001]_ppi+_EIF4EBP1_[A001]
R29,1, #  eIF4E_[A001]_ppi+_eIF4G_[A002]
R30,1, #  eIF4E_[A001]_ppi-_EIF4EBP1_[A001]
R31,1, #  eIF4E_[A001]_ppi-_eIF4G_[A002]
R32,0, #  mTORC1_p+_EIF4EBP1_[(Ser65)]
R33,0, #  mTORC1_p+_EIF4EBP1_[(Thr37)]
R34,0, #  mTORC1_p+_EIF4EBP1_[(Thr46)]
R35,0, #  mTORC1_p+_EIF4EBP1_[(Thr70)]
R36,1, #  mTORC2_p+_AKT2_[(S474)]
R37,1, #  mTOR_[Raptor]_ppi+_Raptor_[mTOR]
R38,1, #  mitogen_[EGFR]_ppi+_EGFR_[mitogen]
R39,1, #  mitogen_[EGFR]_ppi-_EGFR_[mitogen]
R40,1, #  nk_p-_TSC2_[(Ser1130)]
R41,1, #  nk_p-_TSC2_[(Ser939)]
R42,1, #  nk_p-_TSC2_[(Ser981)]
R43,1, #  nk_p-_TSC2_[(Thr1462)]
R44,1, #  nn_p-_AKT2_[(S474)]
R45,1, #  nn_p-_AKT2_[(T309)]
R46,0, #  un_p-_PPM1G_[(AKT2)]
R47,1, #  unk_p-_PI_[(3)]
R48,1, #  unk_p-_PI_[(4)]
R49,1, #  unk_p-_PI_[(5)]
R50,1, #  unknown1_p+_PI_[(4)]
R51,1, #  unknown2_p+_PI_[(5)]
S0,1, #  AKT2_[(S474)]-{0}
S1,1, #  AKT2_[(S474)]-{p}
S2,1, #  AKT2_[(T309)]-{0}
S3,1, #  AKT2_[(T309)]-{p}
S4,1, #  AKT2_[PI]--0
S5,1, #  AKT2_[PI]--PI_[PH]
S6,1, #  EGFR_[mitogen]--0
S7,1, #  EGFR_[mitogen]--mitogen_[EGFR]
S8,0, #  EIF4EBP1_[(Ser65)]-{0}
S9,1, #  EIF4EBP1_[(Ser65)]-{p}
S10,0, #  EIF4EBP1_[(Thr37)]-{0}
S11,1, #  EIF4EBP1_[(Thr37)]-{p}
S12,0, #  EIF4EBP1_[(Thr46)]-{0}
S13,1, #  EIF4EBP1_[(Thr46)]-{p}
S14,0, #  EIF4EBP1_[(Thr70)]-{0}
S15,1, #  EIF4EBP1_[(Thr70)]-{p}
S16,1, #  EIF4EBP1_[A001]--0
S17,0, #  EIF4EBP1_[A001]--eIF4E_[A001]
S18,1, #  GTP
S19,1, #  IRS_[(RTK)]-{0}
S20,1, #  IRS_[(RTK)]-{p}
S21,1, #  IRS_[pY]--0
S22,1, #  IRS_[pY]--PI3K_[SH2]
S23,1, #  PDK1
S24,1, #  PI3K_[SH2]--0
S25,1, #  PI_[(3)]-{0}
S26,1, #  PI_[(3)]-{p}
S27,1, #  PI_[(4)]-{0}
S28,1, #  PI_[(4)]-{p}
S29,1, #  PI_[(5)]-{0}
S30,1, #  PI_[(5)]-{p}
S31,1, #  PI_[PH]--0
S32,0, #  PPM1G_[(AKT2)]-{0}
S33,1, #  PPM1G_[(AKT2)]-{p}
S34,0, #  RHEB_[(G)]-{0}
S35,1, #  RHEB_[(G)]-{gtp}
S36,1, #  RHEB_[switch1DSYDPTIEN]--0
S37,1, #  RHEB_[switch1DSYDPTIEN]--mTOR_[FATfα2fα3]
S38,1, #  RHEB_[switch1]--0
S39,1, #  RHEB_[switch1]--mTOR_[Mheatmα2mα3mα4]
S40,1, #  RHEB_[switch2GQDEYSIFPQTYSIDIN]--0
S41,1, #  RHEB_[switch2GQDEYSIFPQTYSIDIN]--mTOR_[Nheatnα3tonα7]
S42,1, #  RTK
S43,0, #  Raptor_[mTOR]--0
S44,1, #  Raptor_[mTOR]--mTOR_[Raptor]
S45,1, #  TSC1_[Cterminus]--0
S46,0, #  TSC1_[Cterminus]--TSC2_[Nterminus]
S47,1, #  TSC2_[(Ser1130)]-{0}
S48,1, #  TSC2_[(Ser1130)]-{p}
S49,1, #  TSC2_[(Ser939)]-{0}
S50,1, #  TSC2_[(Ser939)]-{p}
S51,1, #  TSC2_[(Ser981)]-{0}
S52,1, #  TSC2_[(Ser981)]-{p}
S53,1, #  TSC2_[(Thr1462)]-{0}
S54,1, #  TSC2_[(Thr1462)]-{p}
S55,1, #  TSC2_[Nterminus]--0
S56,0, #  [EGFR]
S57,1, #  [EIF4EBP1]
S58,1, #  [Raptor]
S59,1, #  [activatedEGFR]
S60,1, #  [activatedPI3K]
S61,1, #  [eIF4E]
S62,1, #  [eIF4G]
S63,1, #  [mTOR]
S64,0, #  [mitogen]
S65,1, #  eIF4E_[A001]--0
S66,1, #  eIF4E_[A001]--eIF4G_[A002]
S67,1, #  eIF4G_[A002]--0
S68,1, #  mTORC1
S69,1, #  mTORC2
S70,1, #  mTOR_[FATfα2fα3]--0
S71,1, #  mTOR_[Mheatmα2mα3mα4]--0
S72,1, #  mTOR_[Nheatnα3tonα7]--0
S73,0, #  mTOR_[Raptor]--0
S74,1, #  mitogen_[EGFR]--0
S75,1, #  nk
S76,1, #  nn
S77,1, #  un
S78,1, #  unk
S79,1, #  unknown1
S80,1, #  unknown2